kind,line
opener,"Okay, hear me out."
opener,Right. Picture this.
opener,Big swing:
opener,"So, blue-sky thinking for a second."
opener,"Love where your head's at. Now:"
opener,"I had this in the shower, so it's good:"
opener,"Let's not overthink it."
opener,"Forget everything I said on Tuesday."
opener,"The client doesn't know it yet, but they want this:"
opener,"Genuinely, and I mean this:"
opener,Close your eyes. Now open them. Now:
opener,I've been on a retreat and I'm seeing clearly.
opener,"Not a brief, a feeling:"
opener,"Quick one before my 3 o'clock:"
opener,"Stay with me."
opener,My therapist says I should share more. So:
opener,"This came to me in a dream, and a bit on the train:"
opener,"Don't say anything yet."
closer,Love it. Make it pop.
closer,Very now.
closer,Can we make the logo bigger?
closer,"I don't hate it."
closer,"Bold. Brave. Let's circle back."
closer,"It's giving… something."
closer,Ship it by Friday.
closer,But make it feel expensive.
closer,Needs more whitespace. And more stuff.
closer,Can it be more… purple?
closer,Let's put a pin in the pin.
closer,"It's disruptive, but in a cosy way."
closer,Very Scandi. Very cheeky. Very us.
closer,Make it pop but also sort of whisper.
closer,I want people to feel it in their elbows.
closer,Lean into the vibe. Then lean out a bit.
closer,Can we get it to 10% weirder?
closer,The font should feel like a hug from a lighthouse.
closer,Let's socialise this with the wider team.
closer,Loop me in. Actually don't.
closer,It needs to go viral but tastefully.
closer,Award-winning. I can feel it. Probably.
closer,Just make it sing. Not literally. Unless?
closer,"Low-hanging fruit, but premium fruit."
closer,"Think outside the box, then put it in a nicer box."
closer,Let's take this offline. Into the woods.
closer,"It's a yes from me, pending a yes from me."
closer,Let's move the needle. Gently. It's asleep.
closer,Give it more energy. Like a Tuesday.
closer,The brand is the idea. The idea is the brand.
closer,Can we make it pop without it popping?
closer,Hero the product. There is no product.
closer,Iconic. Or at least icon-adjacent.
closer,We'll fix it in post.
closer,"Rough is fine, but polished-rough."
closer,Make it feel like 2009 but in a smart way.
closer,Punchy. Premium. Slightly damp.
closer,Let's do a deep dive. Bring snacks.
closer,That's the North Star. Or the North Moon. Either.
closer,I'm obsessed. Let's never speak of it again.
closer,Just make it better. You know what I mean.
held-what,"Still married to the {item}, I see."
held-what,"Keeping the {item}? Brave. Iconic, even."
held-what,"The {item} stays. It's load-bearing."
held-what,"We're sticking with the {item}. Legal loves it."
held-premise,"Keeping the premise? Good instinct."
held-premise,The premise stays. It's basically our DNA now.
held-premise,"Love that we're not letting go of the premise. Very loyal."
held-premise,"Same premise, fresh energy. That's growth."
held-direction,"Holding the direction. Consistency is a brand."
held-direction,"Keeping the direction — I respect a vision."
held-direction,The direction stays. It came from the top. I am the top.
held-direction,"Same direction, new everything else. Love a pivot."
